grade,pd_lower_bound,pd_upper_bound
AAA,0.0,0.06772446259856224
AA,0.06772446259856224,0.10352637246251106
A,0.10352637246251106,0.1445930302143097
BBB,0.1445930302143097,0.19483209401369095
BB,0.19483209401369095,0.23994895815849304
B,0.23994895815849304,0.30403202772140503
CCC,0.30403202772140503,0.3957041949033737
D,0.3957041949033737,1.0
