grade,n_loans,actual_default_rate,ci_lower,ci_upper
AAA,3415,0.04187408491947291,0.03586383601756955,0.048609077598828695
AA,8488,0.07775683317624882,0.07221371347785109,0.08370935438265786
A,11518,0.12354575447126237,0.11689746483764543,0.12949947907622852
BBB,11905,0.16606467870642588,0.15909281814363713,0.17266484670306595
BB,7727,0.21703118933609422,0.20900737673094344,0.2264850524136146
B,6987,0.2779447545441534,0.2680692715042221,0.2877522541863461
CCC,5333,0.3530845677854866,0.34042283892743297,0.3653712732045753
D,4032,0.4826388888888889,0.46886780753968255,0.49702380952380953
