loan_status,count,pct
Fully Paid,318357,80.38709188697825
Charged Off,77673,19.61290811302174
